{"cameraMode":{"drawMode":0,"name":"Shaded","section":"Shading Mode"},"sceneLighting":true,"audioPlay":false,"sceneViewState":{"showFog":true,"showMaterialUpdate":false,"showSkybox":true,"showFlares":true,"showImageEffects":true,"showParticleSystems":true},"in2DMode":false,"pivot":{"x":-107.99555969238281,"y":30.91457748413086,"z":-114.75131225585938},"rotation":{"x":0.13612981140613557,"y":-0.5460781455039978,"z":-0.09047586470842362,"w":-0.8216342329978943},"size":9.263602256774903,"orthographic":false}